{
    "loss": 1.430045485496521,
    "accuracy": 0.800000011920929
}